SHOW,DATE OF APPEARANCE,PUNDIT NAME,GENDER,RACE,AGE,POLITICAL AFFILIATION,EDUCATION,OCCUPATION,
The Aaron Harber Show: Colorado Business News,2014-present,Greg Avery,Male,White,25-34,Democrat,BA,"Arts, Design, Entertainment, Sports, and Media",
The Aaron Harber Show: Colorado Business News,2014-present,Erin Bassity,Female,White,35-44,Democrat,MA,Management,
The Aaron Harber Show: Colorado Business News,2014-present,Gretchen Bleiler,Female,White,35-44,Democrat,High school,"Arts, Design, Entertainment, Sports, and Media",
The Aaron Harber Show: Colorado Business News,2014-present,Rutt Bridges,Male,White,55-64,Unregistered,MA,Politics/Policy,
The Aaron Harber Show: Colorado Business News,2014-present,Carrie Brownstein,Female,White,35-44,?,MA,"Farming, Fishing, and Forestry ",
The Aaron Harber Show: Colorado Business News,2014-present,Morgan Carroll,Female,White,35-44,Democrat,JD,Politics/Policy,
The Aaron Harber Show: Colorado Business News,2014-present,Pete Casillas,Male,Hispanic and Latino,35-44,Unaffiliated,MA,"Business, Financial, and Economics",
The Aaron Harber Show: Colorado Business News,2014-present,Linda Chavez,Female,Hispanic and Latino,65-74,Republican,MA,Management,
The Aaron Harber Show: Colorado Business News,2014-present,Brent Chrite,Male,African American,55-64,Democrat,PhD,Education/Research,
The Aaron Harber Show: Colorado Business News,2014-present,Cynthia Coffman,Female,White,45-54,Republican,JD,Legal,
The Aaron Harber Show: Colorado Business News,2014-present,Brian DelGrosso,Male,White,35-44,Republican,BA,Politics/Policy,
The Aaron Harber Show: Colorado Business News,2014-present,Frances Draper,Female,White,55-64,Unaffiliated,MA,Management,
The Aaron Harber Show: Colorado Business News,2014-present,Crisanta Duran,Female,Hispanic and Latino,35-44,Democrat,JD,Politics/Policy,
The Aaron Harber Show: Colorado Business News,2014-present,Hikmet Ersek,Male,Other,55-64,Unregistered,MA,Management,
The Aaron Harber Show: Colorado Business News,2014-present,Alan Fletcher,Male,White,55-64,Democrat,PhD,Management,
The Aaron Harber Show: Colorado Business News,2014-present,Tony Gagliardi,Male,White,45-54,Unaffiliated,BA,Management,
The Aaron Harber Show: Colorado Business News,2014-present,Dan Gross,Male,White,45-54,Democrat,BA,Management,
The Aaron Harber Show: Colorado Business News,2014-present,Rollie Heath,Male,White,74+,Democrat,BA,Politics/Policy,
The Aaron Harber Show: Colorado Business News,2014-present,Todd Hennis,Male,White,55-64,Republican,BA,Management,
The Aaron Harber Show: Colorado Business News,2014-present,Steve House,Male,White,65-74,Republican,BA,Politics/Policy,
The Aaron Harber Show: Colorado Business News,2014-present,Jake Jabs,Male,White,74+,Republican,BA,Management,
The Aaron Harber Show: Colorado Business News,2014-present,Harold Jackson,Male,White,65-74,Republican,BA,"Business, Financial, and Economics",
The Aaron Harber Show: Colorado Business News,2014-present,Kevin Lundberg,Male,White,55-64,Republican,BA,Politics/Policy,
The Aaron Harber Show: Colorado Business News,2014-present,Kevin Mason,Male,White,45-54,?,?,Management,
The Aaron Harber Show: Colorado Business News,2014-present,Dominick Moreno,Male,Hispanic and Latino,25-34,Democrat,BA,Politics/Policy,
The Aaron Harber Show: Colorado Business News,2014-present,Krista Morgan,Female,White,35-44,?,BA,Management,
The Aaron Harber Show: Colorado Business News,2014-present,Rick Palacio,Male,White,35-44,Democrat,BA,Politics/Policy,
The Aaron Harber Show: Colorado Business News,2014-present,Alan Prendergast,Male,White,55-64,Unaffiliated,MA,"Arts, Design, Entertainment, Sports, and Media",
The Aaron Harber Show: Colorado Business News,2014-present,Tom Tancredo,Male,White,65-74,Republican,BA,Politics/Policy,
The Aaron Harber Show: Colorado Business News,2014-present,Ryan Call,Male,White,35-44,Republican,JD,Legal,
The Aaron Harber Show: Colorado Business News,2014-present,Brandi Meek,Female,White,25-34,Republican,BA,Politics/Policy,
The Aaron Harber Show: Colorado Business News,2014-present,Jessica Keating,Female,White,25-34,Democrat,MA,Education/Research,
The Aaron Harber Show: Colorado Business News,2014-present,Annette Quintana,Female,Hispanic and Latino,55-64,Unregistered,BA,Management,
The Aaron Harber Show: Colorado Business News,2014-present,Bill Ritter,Male,White,55-64,Democrat,JD,Politics/Policy,
The Aaron Harber Show: Colorado Business News,2014-present,Ellen Roberts,Female,White,55-64,Republican,JD,Politics/Policy,
The Aaron Harber Show: Colorado Business News,2014-present,Jay Seller,Male,White,55-64,Democrat,PhD,Management,
The Aaron Harber Show: Colorado Business News,2014-present,Christina Carlson,Female,White,35-44,Democrat,MA,"Business, Financial, and Economics",
The Aaron Harber Show: Colorado Business News,2014-present,Emily Tisch Sussman,Female,White,35-44,Democrat,JD,Politics/Policy,
The Aaron Harber Show: Colorado Business News,2014-present,Libby Szabo,Female,White,45-54,Republican,?,Management,
The Aaron Harber Show: Colorado Business News,2014-present,Theresa Szczurek,Female,White,55-64,Democrat,PhD,Management,
The Aaron Harber Show: Colorado Business News,2014-present,Laurie Tisch,Female,White,55-64,Democrat,?,Management,
The Aaron Harber Show: Colorado Business News,2014-present,Emily Tisch Sussman,Female,White,35-44,Democrat,JD,Politics/Policy,
The Aaron Harber Show: Colorado Business News,2014-present,John Tayer,Male,White,45-54,Democrat,JD,Management,
The Aaron Harber Show: Colorado Business News,2014-present,Jeff Wasden,Male,White,45-54,Republican,MA,Management,
The Aaron Harber Show: Colorado Business News,2014-present,Bryan Welch,Male,White,55-64,Democrat,MA,"Arts, Design, Entertainment, Sports, and Media",
The Aaron Harber Show: Colorado Business News,2014-present,Wayne Williams,Male,White,45-54,Republican,JD,Politics/Policy,
The Aaron Harbor Show: ColoradoNOW!,2014-present,Bill Ritter,Male,White,55-64,Democrat,JD,Politics/Policy,
The Aaron Harbor Show: ColoradoNOW!,2014-present,Bill Ritter,Male,White,55-64,Democrat,JD,Politics/Policy,
The Aaron Harbor Show: ColoradoNOW!,2014-present,Reeves Brown,Male,White,45-54,Republican,BA,Management,
The Aaron Harbor Show: ColoradoNOW!,2014-present,George Sparks,Male,White,65-74,Democrat,MA,Management,
The Aaron Harbor Show: ColoradoNOW!,2014-present,Michael Knotek,Male,White,55-64,Unaffiliated,?,Management,
The Aaron Harbor Show: ColoradoNOW!,2014-present,Bill Ritter,Male,White,55-64,Democrat,JD,Politics/Policy,
The Aaron Harbor Show: ColoradoNOW!,2014-present,Gail Schwartz,Female,White,65-74,Democrat,BA,Politics/Policy,
The Aaron Harbor Show: ColoradoNOW!,2014-present,Chip Comins,Male,White,55-64,Democrat,AD,Management,
The Aaron Harbor Show: ColoradoNOW!,2014-present,Mike Callihan,Male,White,65-74,Democrat,?,Politics/Policy,
The Aaron Harbor Show: ColoradoNOW!,2014-present,Sam Cassidy,Male,White,65-74,Democrat,JD,Politics/Policy,
The Aaron Harbor Show: ColoradoNOW!,2014-present,Mark Hogan,Male,White,74+,Democrat,JD,Politics/Policy,
The Aaron Harbor Show: ColoradoNOW!,2014-present,Rollie Heath,Male,White,74+,Democrat,BA,Politics/Policy,
The Aaron Harbor Show: ColoradoNOW!,2014-present,Barbara O'Brien,Female,White,65-74,Democrat,BA,Politics/Policy,
The Aaron Harbor Show: ColoradoNOW!,2014-present,Christine Burtt,Female,White,55-64,Republican,MA,Management,
The Aaron Harbor Show: ColoradoNOW!,2014-present,Penn Pfiffner,Male,White,55-64,Republican,MA,Politics/Policy,
The Aaron Harbor Show: ColoradoNOW!,2014-present,Michael Hancock,Male,African American,45-54,Democrat,MA,Management,
The Aaron Harbor Show: ColoradoNOW!,2014-present,Wellington Webb,Male,African American,74+,Democrat,MA,Politics/Policy,
The Aaron Harbor Show: ColoradoNOW!,2014-present,Bill Vidal,Male,Hispanic and Latino,65-74,Democrat,BA,Politics/Policy,
The Aaron Harbor Show: ColoradoNOW!,2014-present,Bill Armstrong,Male,White,74+,Republican,High school,Politics/Policy,
The Aaron Harbor Show: ColoradoNOW!,2014-present,Dick Lamm,Male,White,74+,Democrat,JD,Management,
The Aaron Harbor Show: ColoradoNOW!,2014-present,Bill Ritter,Male,White,55-64,Democrat,JD,Politics/Policy,
The Aaron Harbor Show: ColoradoNOW!,2014-present,Frank McNulty,Male,White,35-44,Republican,JD,Politics/Policy,
The Aaron Harbor Show: ColoradoNOW!,2014-present,Brandon Shaffer,Male,White,45-54,Democrat,JD,Politics/Policy,
The Aaron Harbor Show: ColoradoNOW!,2014-present,Mark Ferrandino,Male,White,35-44,Democrat,MA,Politics/Policy,
The Aaron Harbor Show: ColoradoNOW!,2014-present,Ted Harvey,Male,White,45-54,Republican,MA,Politics/Policy,
The Aaron Harbor Show: ColoradoNOW!,2014-present,John Hickenlooper,Male,White,55-64,Democrat,MA,Politics/Policy,
The Aaron Harbor Show: ColoradoNOW!,2014-present,Jay Still,Male,White,45-54,Republican,MA,Management,
The Aaron Harbor Show: ColoradoNOW!,2014-present,Mark Brownstein,Male,White,45-54,?,JD,Management,
The Aaron Harbor Show: ColoradoNOW!,2014-present,James Martin,Male,White,65-74,Republican,JD,Legal,
The Aaron Harbor Show: ColoradoNOW!,2014-present,Scott Moore,Male,White,45-54,Republican,MA,"Business, Financial, and Economics",
The Aaron Harbor Show: ColoradoNOW!,2014-present,Jack Coleman,Male,White,55-64,Republican,JD,Politics/Policy,
The Aaron Harbor Show: ColoradoNOW!,2014-present,David Hobbs,Male,White,45-54,?,BA,Education/Research,
The Aaron Harbor Show: ColoradoNOW!,2014-present,Bill Ritter,Male,White,55-64,Democrat,JD,Politics/Policy,
The Aaron Harbor Show: ColoradoNOW!,2014-present,John Hofmeister,Male,White,65-74,Republican,MA,Management,
The Aaron Harbor Show: ColoradoNOW!,2014-present,Dave Neslin,Male,White,55-64,Democrat,JD,Legal,
The Aaron Harbor Show: ColoradoNOW!,2014-present,Bill Owens,Male,White,65-74,Republican,MA,Politics/Policy,
The Aaron Harbor Show: ColoradoNOW!,2014-present,Tisha Conoly-Schuller,Female,White,35-44,Democrat,BA,"Business, Financial, and Economics",
The Aaron Harbor Show: ColoradoNOW!,2014-present,Peter Dea,Male,White,55-64,Republican,MA,Management,
The Aaron Harbor Show: ColoradoNOW!,2014-present,Christopher Smith,Male,African American,35-44,Democrat,MA,Politics/Policy,
The Aaron Harbor Show: ColoradoNOW!,2014-present,Ed McCabe,Male,White,65-74,Democrat,MA,Healthcare and Psychology,
The Aaron Harbor Show: ColoradoNOW!,2014-present,Robert Mueller,Male,White,65-74,Republican,JD,Legal,
The Aaron Harbor Show: ColoradoNOW!,2014-present,Lauren Miller,Female,White,35-44,Republican,BA,"Arts, Design, Entertainment, Sports, and Media",
The Aaron Harbor Show: ColoradoNOW!,2014-present,Timothy Wirth,Male,White,74+,Democrat,PhD,Politics/Policy,
The Aaron Harbor Show: ColoradoNOW!,2014-present,Mark Udall,Male,White,65-74,Republican,BA,Politics/Policy,
The Aaron Harbor Show: ColoradoNOW!,2014-present,Hank Brown,Male,White,74+,Republican,JD,Politics/Policy,
The Aaron Harbor Show: ColoradoNOW!,2014-present,Gary Hart,Male,White,74+,Democrat,JD,Politics/Policy,
The Aaron Harbor Show: ColoradoNOW!,2014-present,Michael Hancock,Male,African American,45-54,Democrat,MA,Management,
The Aaron Harbor Show: ColoradoNOW!,2014-present,Chris Romer,Male,White,55-64,Democrat,BA,Politics/Policy,
The Aaron Harbor Show: ColoradoNOW!,2014-present,Diana DeGette,Female,White,55-64,Democrat,JD,Politics/Policy,
The Aaron Harbor Show: ColoradoNOW!,2014-present,Mike Coffman,Male,White,55-64,Republican,BA,Politics/Policy,
The Aaron Harbor Show: ColoradoNOW!,2014-present,Ed Perlmutter,Male,White,55-64,Democrat,JD,Politics/Policy,
The Aaron Harbor Show: ColoradoNOW!,2014-present,Cory Gardner,Male,White,35-44,Republican,JD,Politics/Policy,
The Aaron Harbor Show: ColoradoNOW!,2014-present,Michael Hancock,Male,African American,45-54,Democrat,MA,Management,
The Aaron Harbor Show: ColoradoNOW!,2014-present,Doug Linkhart,Male,White,55-64,Democrat,MA,Management,
The Aaron Harbor Show: ColoradoNOW!,2014-present,James Mejia,Male,Hispanic and Latino,45-54,Democrat,MA,Politics/Policy,
The Aaron Harbor Show: ColoradoNOW!,2014-present,Chris Romer,Male,White,55-64,Democrat,BA,Politics/Policy,
The Aaron Harbor Show: ColoradoNOW!,2014-present,Amanda Nagl,Female,White,35-44,Unaffiliated,MA,Community and Social Services,
The Aaron Harbor Show: ColoradoNOW!,2014-present,Art Way,Male,African American,35-44,Democrat,JD,Politics/Policy,
The Aaron Harbor Show: ColoradoNOW!,2014-present,Richard Rosenthal,Male,White,45-54,Unaffiliated,JD,Government,
The Aaron Harbor Show: ColoradoNOW!,2014-present,Mark Silverstein,Male,White,45-54,Democrat,JD,Legal,
The Aaron Harbor Show: ColoradoNOW!,2014-present,Mark Ferrandino,Male,White,35-44,Democrat,MA,Politics/Policy,
The Aaron Harbor Show: ColoradoNOW!,2014-present,Cheri Gerou,Female,White,55-64,Republican,BA,Politics/Policy,
The Aaron Harbor Show: ColoradoNOW!,2014-present,Kent Lambert,Male,White,55-64,Republican,MA,Politics/Policy,
The Aaron Harbor Show: ColoradoNOW!,2014-present,Henry Sobanet,Male,White,45-54,Republican,MA,Management,
The Aaron Harbor Show: ColoradoNOW!,2014-present,Carol Hedges,Female,White,45-54,Republican,JD,Management,
The Aaron Harbor Show: ColoradoNOW!,2014-present,Mike Johnston,Male,White,35-44,Democrat,JD,Politics/Policy,
The Aaron Harbor Show: ColoradoNOW!,2014-present,Jim Chavez,Male,Hispanic and Latino,45-54,Republican,BA,Management,
The Aaron Harbor Show: ColoradoNOW!,2014-present,Tom Tancredo,Male,White,65-74,Republican,BA,Politics/Policy,
The Aaron Harbor Show: ColoradoNOW!,2014-present,David Harsanyi,Male,White,45-54,Other,?,"Arts, Design, Entertainment, Sports, and Media",
The Aaron Harbor Show: ColoradoNOW!,2014-present,Steve Zansberg,Male,White,45-54,Republican,JD,Legal,
The Aaron Harbor Show: ColoradoNOW!,2014-present,Kjersten Forseth,Female,White,35-44,Democrat,MA,Politics/Policy,
The Aaron Harbor Show: ColoradoNOW!,2014-present,Bill Vidal,Male,Hispanic and Latino,65-74,Democrat,BA,Politics/Policy,
The Aaron Harbor Show: ColoradoNOW!,2014-present,Peter Dea,Male,White,55-64,Republican,MA,Management,
The Aaron Harbor Show: ColoradoNOW!,2014-present,Mike Cerbo,Male,White,55-64,Democrat,JD,Politics/Policy,
The Aaron Harbor Show: ColoradoNOW!,2014-present,Eric Weissmann,Male,White,35-44,Republican,MA,"Business, Financial, and Economics",
The Aaron Harbor Show: ColoradoNOW!,2014-present,Kelly Brough,Female,White,45-54,Republican,MA,Management,
The Aaron Harbor Show: ColoradoNOW!,2014-present,Frank McNulty,Male,White,35-44,Republican,JD,Politics/Policy,
The Aaron Harbor Show: ColoradoNOW!,2014-present,Brandon Shaffer,Male,White,45-54,Democrat,JD,Politics/Policy,
The Aaron Harbor Show: ColoradoNOW!,2014-present,Bill Ritter,Male,White,55-64,Democrat,JD,Politics/Policy,
The Aaron Harber Show: 2014 Colorado Republican Governor's Race,2014,Greg Brophy,Male,White,45-54,Republican,BA,Politics/Policy,
The Aaron Harber Show: 2014 Colorado Republican Governor's Race,2014,Scott Gessler,Male,White,45-54,Republican,MA,Politics/Policy,
The Aaron Harber Show: 2014 Colorado Republican Governor's Race,2014,Mike Kopp,Male,White,45-54,Republican,MA,Politics/Policy,
The Aaron Harber Show: 2014 Colorado Republican Governor's Race,2014,Tom Tancredo,Male,White,65-74,Republican,BA,Politics/Policy,
The Aaron Harber Show: 2014 Colorado Republican Governor's Race,2014,Greg Brophy,Male,White,45-54,Republican,BA,Politics/Policy,
The Aaron Harber Show: 2014 Colorado Republican Governor's Race,2014,Scott Gessler,Male,White,45-54,Republican,MA,Politics/Policy,
The Aaron Harber Show: 2014 Colorado Republican Governor's Race,2014,Mike Kopp,Male,White,45-54,Republican,MA,Politics/Policy,
The Aaron Harber Show: 2014 Colorado Republican Governor's Race,2014,Tom Tancredo,Male,White,65-74,Republican,BA,Politics/Policy,
Aspen Institute,1/15/2014,Ken Adelman,Male,White,65-74,Republican,PhD,Government,
Aspen Institute,1/19/2014,Deepak Chopra,Male,Asian and Pacific Islander,65-74,Democrat,MA,Politics/Policy,
Aspen Institute,2/1/2014,Robert LuPone,Male,White,65-74,?,High school,Healthcare and Psychology,
Aspen Institute,3/5/2014,Marianne Williamson,Female,White,55-64,Democrat,BA,"Arts, Design, Entertainment, Sports, and Media",
Aspen Institute,6/29/2014,Brian Bannon,Male,White,35-44,?,MA,"Arts, Design, Entertainment, Sports, and Media",
Aspen Institute,6/29/2014,John Palfrey,Male,White,35-44,?,JD,Management,Hungarian
Aspen Institute,6/29/2014,Sommer Mathis,Female,White,25-34,Democrat,BA,Management,
Aspen Institute,6/29/2014,Tessie Guillermo,Female,Asian and Pacific Islander,55-64,Democrat,BA,"Arts, Design, Entertainment, Sports, and Media",
Aspen Institute,7/10/2014,Walter Isaacson,Male,White,55-64,Independent,MA,Management,
Aspen Institute,6/29/2014,John R. Lewis,Male,African American,74+,Democrat,MA,Management,
Aspen Institute,7/24/2014,Rick Scott,Male,White,55-64,Republican,JD,Politics/Policy,
Aspen Institute,7/24/2014,Sam Brownback,Male,White,55-64,Republican,JD,Politics/Policy,
Aspen Institute,7/24/2014,Chris Christie,Male,White,45-54,Republican,PhD,Politics/Policy,
Aspen Institute,7/24/2014,Nikki Haley,Female,Asian and Pacific Islander,35-44,Republican,BA,Politics/Policy,
Aspen Institute,7/24/2014,Scott Walker,Male,White,45-54,Republican,BA,Politics/Policy,
Aspen Institute,8/2/2014,Mark Dayton,Male,White,65-74,Democrat,BA,Politics/Policy,
Aspen Institute,8/2/2014,Maggie Hassan,Female,White,55-64,Democrat,JD,Politics/Policy,
Aspen Institute,8/2/2014,John Hickenlooper,Male,White,55-64,Democrat,MA,Politics/Policy,
Aspen Institute,8/2/2014,Jay Nixon,Male,White,55-64,Democrat,JD,Politics/Policy,
Aspen Institute,8/2/2014,Martin O'Malley,Male,White,45-54,Democrat,JD,Politics/Policy,
Aspen Institute,8/2/2014,Peter Shumlin,Male,White,45-54,Democrat,BA,Politics/Policy,
Aspen Institute,8/4/2014,Richard Stengel,Male,White,55-64,Democrat,MA,Politics/Policy,
Aspen Institute,8/4/2014,Madeline Albright,Female,White,74+,Democrat,PhD,Government,
Aspen Institute,8/4/2014,Dina Powell,Female,Other,35-44,Republican,BA,Management,
Aspen Institute,8/5/2014,Don Bacigalupi,Male,White,45-54,?,PhD,"Business, Financial, Economics",
Aspen Institute,8/5/2014,Carrie Walton Penner,Female,White,45-54,Republican,MA,Philanthropy,
Aspen Institute,8/8/2014,Madeline Albright,Female,White,74+,Democrat,PhD,Government,
Aspen Institute,8/8/2014,Robert Gates,Male,White,65-74,Republican,PhD,Government,
Aspen Institute,8/8/2014,Condoleezza Rice,Female,African American,55-64,Republican,PhD,Government,
Aspen Institute,8/8/2014,Nicholas Burns,Male,White,55-64,Independent,MA,Government,
Aspen Institute,8/9/2014,Doris Kearns Goodwin,Female,White,65-74,Democrat,PhD,"Arts, Design, Entertainment, Sports, and Media",
Aspen Institute,8/9/2014,Richard N Goodwin,Male,White,74+,Democrat,JD,"Arts, Design, Entertainment, Sports, and Media",
Aspen Institute,8/11/2014,Leonard A. Lauder,Male,White,74+,Independent,MA,"Business, Financial, Economics",
Aspen Institute,8/12/2014,Ron Johnson,Male,White,55-64,Republican,BA,Politics/Policy,
Aspen Institute,8/14/2014,Robert Mankoff,Male,White,65-74,Democrat,BA,"Arts, Design, Entertainment, Sports, and Media",
Aspen Institute,8/15/2014,Michael Auslin,Male,White,45-54,Republican,PhD,Education/Research,
Aspen Institute,8/15/2014,James C. Capretta,Male,White,45-54,Republican,MA,Education/Research,
Aspen Institute,8/15/2014,Karlyn Bowman,Female,White,55-64,Republican,BA,"Arts, Design, Entertainment, Sports, and Media",
Aspen Institute,8/15/2014,Andrew Kaufman,Male,White,45-54,?,PhD,"Arts, Design, Entertainment, Sports, and Media",
Aspen Institute,12/18/2014,David Zolet,Male,White,55-64,Republican,MA,"Business, Financial, Economics",
Aspen Institute,1/31/2015,Kathleen Chalfant,Female,White,65-74,Democrat,High school,"Arts, Design, Entertainment, Sports, and Media",
Aspen Institute,2/14/2015,Peter R. Orszag,Male,White,45-54,Democrat,PhD,Management,
Aspen Institute,6/23/2015,Jimmy Carter,Male,White,74+,Democrat,BA,Politics/Policy,
Aspen Institute,6/23/2015,Rosalynn Carter,Female,White,74+,Democrat,High school,Community and Social Services,
Aspen Institute,6/30/2015,Alan Jenkins,Male,African American,?,Democrat,JD,Management,
Aspen Institute,6/30/2015,Barbara Picower,Female,White,65-74,?,BA,Philanthropy,
Aspen Institute,6/30/2015,Deepak Bhargava,Male,Other,55-64,Democrat,BA,Management,
Aspen Institute,6/30/2015,Melody Barnes,Female,African American,45-54,Democrat,JD,Management,
Aspen Institute,7/9/2015,Stephen Susman,Male,White,74+,Republican,JD,Legal,
Aspen Institute,7/9/2015,Kenneth Feinberg,Male,White,65-74,Democrat,JD,Legal,
Aspen Institute,7/9/2015,Bert Rein,Male,White,65-74,Republican,JD,Legal,
Aspen Institute,7/9/2015,Jeffrey Rosen,Male,White,45-54,Republican,JD,"Arts, Design, Entertainment, Sports, and Media",
Aspen Institute,7/11/2015,Jeffrey Rosen,Male,White,45-54,Republican,JD,"Business, Financial, Economics",
Aspen Institute,7/11/2015,Reid Hoffman,Male,White,45-54,Democrat,MA,Management,
Aspen Institute,7/11/2015,Walter Isaacson,Male,White,55-64,Independent,MA,Management,
Aspen Institute,7/14/2015,Evan Williams,Male,White,35-44,?,High school,Management,
Aspen Institute,7/16/2015,Ian Spielman,Male,White,35-44,Democrat,PhD,"Life, Physical, and Social Sciences",
Aspen Institute,7/17/2015,Sally Jewell,Female,White,55-64,Democrat,BA,Management,
Aspen Institute,7/21/2015,Doug Ducey,Male,White,45-54,Republican,BA,Politics/Policy,
Aspen Institute,7/21/2015,Mary Fallin,Female,White,55-64,Republican,BA,Politics/Policy,
Aspen Institute,7/21/2015,Nikki Haley,Female,Asian and Pacific Islander,35-44,Republican,BA,Politics/Policy,
Aspen Institute,7/21/2015,Pat McCroy,Male,White,55-64,Republican,BA,Politics/Policy,
Aspen Institute,7/22/2015,James Comey,Male,White,55-64,Republican,JD,Legal,
Aspen Institute,8/1/2015,Steve Bullock,Male,White,45-54,Democrat,JD,Politics/Policy,
Aspen Institute,8/1/2015,John Hickenlooper,Male,White,55-64,Democrat,MA,Politics/Policy,
Aspen Institute,8/1/2015,Dannel Malloy,Male,White,55-64,Democrat,JD,Politics/Policy,
Aspen Institute,8/1/2015,Jay Nixon,Male,White,55-64,Democrat,JD,Politics/Policy,
Aspen Institute,8/7/2015,David Petraeus,Male,White,55-64,Republican,PhD,Management,
Aspen Institute,8/7/2015,Frances Townsend,Female,White,45-54,Republican,JD,Management,
Aspen Institute,8/7/2015,Bernard Haykel,Male,Other,45-54,?,PhD,Education/Research,
Aspen Institute,8/7/2015,Nicholas Burns,Male,White,55-64,Independent,MA,Government,
Aspen Institute,8/10/2015,John Hickenlooper,Male,White,55-64,Democrat,MA,Politics/Policy,
Aspen Institute,8/12/2015,Walter Isaacson,Male,White,55-64,Independent,MA,Management,
Aspen Institute,8/12/2015,Mitch McConnell,Male,White,74+,Republican,JD,Management,
Aspen Institute,8/12/2015,Walter Isaacson,Male,White,55-64,Independent,MA,Management,
Aspen Institute,8/13/2015,Walter Isaacson,Male,White,55-64,Independent,MA,Management,
Aspen Institute,8/13/2015,Henry Paulson,Male,White,65-74,Republican,MA,Management,
Aspen Institute,3/10/2016,Robert Hutchings,Male,White,65-74,Republican,PhD,Management,
Aspen Institute,3/10/2016,Jeremi Suri,Male,Other,?,?,PhD,Education/Research,
Aspen Institute,3/11/2016,Sakyong Mipham,Male,Other,45-54,Other,Other,Management,
Balance of Power,5/29/2016,Ryan Frazier,Male,African American,35-44,Republican,MA,Politics/Policy,
Balance of Power,5/29/2016,Robert Blaha,Male,White,55-64,Republican,BA,Politics/Policy,
Balance of Power,5/15/2016,Howard Dean,Male,White,65-74,Democrat,MA,Politics/Policy,
Balance of Power,5/15/2016,Newt Gingrich,Male,White,65-74,Republican,PhD,Politics/Policy,
Balance of Power,5/8/2016,Jon Keyser,Male,White,35-44,Republican,JD,Politics/Policy,
Balance of Power,5/1/2016,Jack Graham,Male,White,55-64,Republican,PhD,Politics/Policy,
Balance of Power,4/24/2016,Michael Bennet,Male,White,45-54,Democrat,JD,Politics/Policy,
Balance of Power,4/17/2016,Darryl Glenn,Male,African American,45-54,Republican,JD,Politics/Policy,
Balance of Power,4/10/2016,Ted Cruz,Male,White,45-54,Republican,JD,Politics/Policy,
Balance of Power,4/3/2016,Rick Palacio,Male,White,35-44,Democrat,BA,Politics/Policy,
Balance of Power,4/3/2016,Kelly Maher,Female,White,25-34,Republican,BA,Politics/Policy,
Balance of Power,4/3/2016,James Mejia,Male,Hispanic and Latino,45-54,Democrat,MA,Politics/Policy,
Balance of Power,3/28/2016,Floyd Ciruli,Male,White,55-64,Independent,JD,Politics/Policy,
Balance of Power,3/28/2016,Steve House,Male,White,65-74,Republican,BA,Politics/Policy,
Balance of Power,3/20/2016,Lewis African American,Male,White,65-74,Democrat,MA,"Arts, Design, Entertainment, Sports, and Media",
Balance of Power,3/13/2016,Scott Gessler,Male,White,45-54,Republican,JD,Management,
Balance of Power,3/13/2016,Laura Carno,Female,White,45-54,Republican,High school,"Arts, Design, Entertainment, Sports, and Media",
Balance of Power,3/13/2016,Greg Brophy,Male,White,45-54,Republican,BA,Politics/Policy,
Balance of Power,3/13/2016,Mike Rosen,Male,White,65-74,Republican,MA,"Arts, Design, Entertainment, Sports, and Media",
Balance of Power,2/28/2016,Susan Page,Female,White,65-74,Republican,MA,Management,
Balance of Power,2/21/2016,John Hickenlooper,Male,White,55-64,Democrat,MA,Politics/Policy,
Balance of Power,2/21/2016,Symone Sanders,Female,African American,25-34,Democrat,BA,"Arts, Design, Entertainment, Sports, and Media",
Balance of Power,2/14/2016,Greg Brophy,Male,White,45-54,Republican,BA,Politics/Policy,
Balance of Power,2/14/2016,Jon Caldara,Male,White,45-54,Republican,BA,Management,
Balance of Power,1/10/2016,Jack Lew,Male,White,55-64,Democrat,JD,Management,
Balance of Power,12/20/2015,Henry Sobanet,Male,White,45-54,Republican,MA,Management,
Balance of Power,12/13/2015,Imam Abdur-Rahim Ali,Male,African American,65-74,Unaffiliated,BA,Management,
Balance of Power,12/13/2015,Nader Hashemi,Male,Other,45-54,Unregistered,PhD,Education/Research,
Balance of Power,12/6/2015,Trevor Hughes,Male,White,45-54,Unaffiliated,BA,"Arts, Design, Entertainment, Sports, and Media",
Balance of Power,12/6/2015,Kevin Vaughan,Male,White,45-54,Republican,BA,"Arts, Design, Entertainment, Sports, and Media",
Balance of Power,11/22/2015,Scott Tipton,Male,White,55-64,Republican,BA,Politics/Policy,
Balance of Power,11/22/2015,Diana DeGette,Female,White,55-64,Democrat,JD,Politics/Policy,
Balance of Power,11/6/2015,Michael Hancock,Male,African American,45-54,Democrat,MA,Management,
Balance of Power,10/18/2015,Hillary Clinton,Female,White,65-74,Democrat,JD,Politics/Policy,
Balance of Power,10/14/2015,Hillary Clinton,Female,White,65-74,Democrat,JD,Politics/Policy,
Balance of Power,10/11/2015,Dave Hoover,Male,White,45-54,Republican,BA,Protective Services,
Balance of Power,10/11/2015,Justin Smith,Male,White,45-54,Republican,MA,Protective Services,
Balance of Power,10/4/2015,James Mejia,Male,Hispanic and Latino,45-54,Democrat,MA,Politics/Policy,
Balance of Power,10/4/2015,Floyd Ciruli,Male,White,55-64,Independent,JD,Politics/Policy,
Balance of Power,10/4/2015,Ryan Frazier,Male,African American,35-44,Republican,MA,Politics/Policy,
Balance of Power,10/4/2015,Kelly Maher,Female,White,25-34,Republican,BA,Politics/Policy,
Balance of Power,10/4/2015,James Mejia,Male,Hispanic and Latino,45-54,Democrat,MA,Politics/Policy,
Balance of Power,9/20/2015,Martin O'Malley,Male,White,45-54,Democrat,JD,Politics/Policy,
Balance of Power,9/13/2015,Cory Gardner,Male,White,35-44,Republican,JD,Politics/Policy,
Balance of Power,9/13/2015,Michael Bennet,Male,White,45-54,Democrat,JD,Politics/Policy,
Balance of Power,9/8/2015,Sue Birch,Female,White,55-64,Democrat,MA,Management,
Balance of Power,9/8/2015,Kevin Patterson,Male,African American,25-34,Democrat,MA,Management,
Balance of Power,8/30/2015,James Eklund,Male,White,35-44,Democrat,JD,Management,
Balance of Power,8/30/2015,Drew Beckwith,Male,White,35-44,Democrat,MA,Management,
Balance of Power,8/30/2015,Don Shawcroft,Male,White,55-64,Republican,BA,Management,
Balance of Power,8/16/2015,George Brauchler,Male,White,55-64,Republican,JD,Legal,
Balance of Power,8/16/2015,Jeff Miller,Male,White,55-64,Republican,BA,Politics/Policy,
Balance of Power,8/9/2015,James Mejia,Male,Hispanic and Latino,45-54,Democrat,MA,Politics/Policy,
Balance of Power,8/9/2015,Ryan Frazier,Male,African American,35-44,Republican,MA,Politics/Policy,
Balance of Power,8/2/2015,Laura Chapin,Female,White,45-54,Democrat,MA,Politics/Policy,Somalian
Balance of Power,8/2/2015,Mike Norton,Male,White,65-74,Republican,JD,Legal,
Balance of Power,7/26/2015,Lynn Bartels,Female,White,45-54,Republican,BA,"Arts, Design, Entertainment, Sports, and Media",
Balance of Power,7/19/2015,Morgan Carroll,Female,White,35-44,Democrat,JD,Politics/Policy,
Balance of Power,7/13/2015,Bernie Rogoff,Male,White,74+,Republican,MA,Management,
Balance of Power,7/13/2015,Linda Gorman,Female,White,55-64,Republican,PhD,Management,
Balance of Power,7/13/2015,Melissa Blasius,Female,White,35-44,?,,"Arts, Design, Entertainment, Sports, and Media",
Balance of Power,7/12/2015,Diana DeGette,Female,White,55-64,Democrat,JD,Politics/Policy,
Balance of Power,7/12/2015,Fred Upton,Male,White,55-64,Republican,BA,Politics/Policy,
Balance of Power,7/5/2015,Rand Paul,Male,White,45-54,Republican,MA,Politics/Policy,
Balance of Power,6/19/2016,Ian Silverii,Male,White,25-34,Democrat,BA,Politics/Policy,
Balance of Power,6/20/2016,Kelly Maher,Female,White,25-34,Republican,BA,Politics/Policy,
Devil's Advocate,1/3/2014,Amy Oliver Cooke,Female,White,45-54,Republican,MA,Management,
Devil's Advocate,1/3/2014,Linda Gorman,Female,White,55-64,Republican,PhD,Management,
Devil's Advocate,1/3/2014,Pam Benigno,Female,White,55-64,Republican,BA,Management,
Devil's Advocate,1/3/2014,Raaki Garcia-Ulam,Female,Hispanic and Latino,35-44,Republican,MA,"Arts, Design, Entertainment, Sports, and Media",
Devil's Advocate,1/10/2014,Eli Stokols,Male,White,35-44,Republican,MA,"Arts, Design, Entertainment, Sports, and Media",
Devil's Advocate,1/10/2014,Lynn Bartels,Female,White,45-54,Republican,BA,"Arts, Design, Entertainment, Sports, and Media",
Devil's Advocate,1/17/2014,Denise Maes,Female,White,45-54,Democrat,JD,Management,
Devil's Advocate,1/17/2014,Laura Carno,Female,White,45-54,Republican,High school,"Arts, Design, Entertainment, Sports, and Media",
Devil's Advocate,1/25/2014,Charles Ashby,Male,White,45-54,Unregistered,BA,"Arts, Design, Entertainment, Sports, and Media",
Devil's Advocate,1/25/2014,Ivan Moreno,Male,Hispanic and Latino,25-34,?,BA,"Arts, Design, Entertainment, Sports, and Media",
Devil's Advocate,1/31/2014,Rob Natelson,Male,White,55-64,Republican,PhD,Education/Research,
Devil's Advocate,1/31/2014,Jeremy Meyer,Male,White,35-44,Unaffiliated,BA,"Arts, Design, Entertainment, Sports, and Media",
Devil's Advocate,2/7/2014,Amy Oliver Cooke,Female,White,45-54,Republican,MA,Management,
Devil's Advocate,2/7/2014,Lori Saine,Female,White,35-44,Republican,BA,Politics/Policy,
Devil's Advocate,2/7/2014,Todd Shepherd,Male,White,25-34,Republican,BA,"Arts, Design, Entertainment, Sports, and Media",
Devil's Advocate,2/14/2014,Joey Bunch,Male,White,55-64,Democrat,?,"Arts, Design, Entertainment, Sports, and Media",
Devil's Advocate,2/14/2014,Richard Bratten,Male,White,45-54,Republican,?,"Arts, Design, Entertainment, Sports, and Media",
Devil's Advocate,2/21/2014,Tim Dore,Male,White,35-44,Republican,JD,Politics/Policy,
Devil's Advocate,2/21/2014,Mary Hodge,Female,White,65-74,Democrat,BA,Politics/Policy,
Devil's Advocate,2/21/2014,Tim Hoover,Male,White,45-54,Republican,BA,"Arts, Design, Entertainment, Sports, and Media",
Devil's Advocate,2/28/2014,Chuck Plunkett,Male,White,45-54,Republican,MA,"Arts, Design, Entertainment, Sports, and Media",
Devil's Advocate,2/28/2014,Jay Ambrose,Male,White,45-54,Republican,MA,"Arts, Design, Entertainment, Sports, and Media",
Devil's Advocate,3/7/2014,Shaun Boyd,Female,White,45-54,Unaffiliated,BA,"Arts, Design, Entertainment, Sports, and Media",
Devil's Advocate,3/7/2014,Lynn Bartels,Female,White,45-54,Republican,BA,"Arts, Design, Entertainment, Sports, and Media",
Devil's Advocate,3/7/2014,Brandon Johansson,Male,White,25-34,Unaffiliated,?,"Arts, Design, Entertainment, Sports, and Media",
Devil's Advocate,3/7/2014,Aldo Svaldi,Male,White,45-54,Unaffiliated,MA,"Arts, Design, Entertainment, Sports, and Media",
Devil's Advocate,3/14/2014,Randal OÕToole,Male,White,65-74,Republican,BA,"Arts, Design, Entertainment, Sports, and Media",
Devil's Advocate,3/21/2014,Miller Hudson,Male,White,65-74,Republican,BA,"Arts, Design, Entertainment, Sports, and Media",
Devil's Advocate,3/21/2014,Suzanne Staiert,Female,White,45-54,Republican,JD,Management,
Devil's Advocate,3/28/2014,Rob Natelson,Male,White,55-64,Republican,PhD,Education/Research,
Devil's Advocate,3/28/2014,Dustin Zvonek,Male,White,25-34,Republican,BA,Management,
Devil's Advocate,4/4/2014,Ed Sealover,Male,White,35-44,Republican,BA,"Arts, Design, Entertainment, Sports, and Media",
Devil's Advocate,4/4/2014,Megan Schrader,Female,White,35-44,Democrat,BA,"Arts, Design, Entertainment, Sports, and Media",
Devil's Advocate,4/11/2014,Jon Haubert,Male,White,35-44,Republican,BA,Management,
Devil's Advocate,4/11/2014,Kelly Maher,Female,White,25-34,Republican,BA,Politics/Policy,
Devil's Advocate,4/18/2014,Susan Greene,Female,White,35-44,Democrat,MA,"Arts, Design, Entertainment, Sports, and Media",
Devil's Advocate,4/18/2014,Jeff Roberts,Male,White,55-64,Republican,BA,Management,
Devil's Advocate,4/18/2014,Elena Nunez,Female,Hispanic and Latino,25-34,Democrat,BA,Management,
Devil's Advocate,4/18/2014,Dennis Polhill,Male,White,65-74,Republican,MA,Management,
Devil's Advocate,4/25/2014,Frances Owens,Female,White,55-64,Republican,BA,Community and Social Services,
Devil's Advocate,4/25/2014,Lloyd Lewis,Male,White,55-64,Republican,MA,Management,
Devil's Advocate,5/2/2014,Elena Nunez,Female,Hispanic and Latino,25-34,Democrat,BA,Management,
Devil's Advocate,5/2/2014,Stephanie Avery,Female,White,35-44,Republican,BA,Management,
Devil's Advocate,5/2/2014,Todd Shepherd,Male,White,25-34,Republican,BA,"Arts, Design, Entertainment, Sports, and Media",
Devil's Advocate,5/2/2014,Dominic Dezzutti,Male,Other,35-44,Republican,BA,"Arts, Design, Entertainment, Sports, and Media",
Devil's Advocate,5/9/2014,Dick Lamm,Male,White,74+,Democrat,JD,Management,
Devil's Advocate,5/16/2014,Kristen Wyatt,Female,White,35-44,Unaffiliated,BA,"Arts, Design, Entertainment, Sports, and Media",
Devil's Advocate,5/16/2014,Eli Stokols,Male,White,35-44,Republican,MA,"Arts, Design, Entertainment, Sports, and Media",
Devil's Advocate,5/23/2014,Tom Tancredo,Male,White,65-74,Republican,BA,Politics/Policy,
Devil's Advocate,5/23/2014,Bob Beauprez,Male,White,65-74,Republican,BA,Politics/Policy,
Devil's Advocate,5/30/2014,Mike Kopp,Male,White,45-54,Republican,MA,Politics/Policy,
Devil's Advocate,5/30/2014,Scott Gessler,Male,White,45-54,Republican,JD,Management,
Devil's Advocate,6/6/2014,David Flaherty,Male,White,45-54,Republican,BA,Management,
Devil's Advocate,6/6/2014,Susan Kochevar,Female,White,35-44,Republican,BA,Politics/Policy,
Devil's Advocate,6/13/2014,Alan Gottlieb,Male,White,65-74,Republican,BA,"Arts, Design, Entertainment, Sports, and Media",
Devil's Advocate,6/13/2014,Diane Carman,Female,White,55-64,Democrat,BA,"Arts, Design, Entertainment, Sports, and Media",
Devil's Advocate,6/13/2014,Megan Schrader,Female,White,35-44,Democrat,BA,"Arts, Design, Entertainment, Sports, and Media",
Devil's Advocate,6/13/2014,Cathy Proctor,Female,White,45-54,Democrat,MA,"Arts, Design, Entertainment, Sports, and Media",
Devil's Advocate,6/20/2014,Linda Chavez,Female,Hispanic and Latino,65-74,Republican,MA,Management,
Devil's Advocate,6/27/2014,Mike Littwin,Male,White,55-64,Democrat,?,"Arts, Design, Entertainment, Sports, and Media",
Devil's Advocate,6/27/2014,Wayne Laugesen,Male,White,45-54,Republican,BA,"Arts, Design, Entertainment, Sports, and Media",
Devil's Advocate,7/4/2014,Duncan Cameron,Male,African American,35-44,Democrat,BA,"Farming, Fishing, and Forestry",
Devil's Advocate,7/4/2014,Steve Spinosa,Male,White,35-44,Democrat,BA,Management,
Devil's Advocate,7/4/2014,Todd Shepherd,Male,White,25-34,Republican,BA,"Arts, Design, Entertainment, Sports, and Media",
Devil's Advocate,7/4/2014,Michael Sandoval,Male,White,35-44,Republican,MA,"Arts, Design, Entertainment, Sports, and Media",
Devil's Advocate,7/11/2014,Peter Blake,Male,White,74+,Republican,JD,"Arts, Design, Entertainment, Sports, and Media",
Devil's Advocate,7/11/2014,Dave Kopel,Male,White,45-54,Democrat,JD,"Arts, Design, Entertainment, Sports, and Media",
Devil's Advocate,7/18/2014,Justin Sasso,Male,White,35-44,Republican,BA,Management,
Devil's Advocate,7/18/2014,Jerry Raehal,Male,White,35-44,Unaffiliated,BA,Management,
Devil's Advocate,7/18/2014,Jerry Wheeler,Male,White,45-54,Democrat,MA,Management,
Devil's Advocate,7/25/2014,Jon Murray,Male,White,35-44,Unaffiliated,BA,"Arts, Design, Entertainment, Sports, and Media",
Devil's Advocate,7/25/2014,Valerie Richardson,Female,White,35-44,?,BA,"Arts, Design, Entertainment, Sports, and Media",
Devil's Advocate,8/1/2014,Craig Silverman,Male,White,45-54,Republican,JD,Legal,
Devil's Advocate,8/8/2014,Kyle Clark,Male,White,25-34,Unaffiliated,BA,"Arts, Design, Entertainment, Sports, and Media",
Devil's Advocate,8/8/2014,Amy Oliver Cooke,Female,White,45-54,Republican,MA,Management,
Devil's Advocate,8/15/2014,Michelle Sie Whitten,Female,Asian and Pacific Islander,45-54,Unaffiliated,MA,Management,
Devil's Advocate,8/15/2014,Tony Lewis,Male,White,45-54,Democrat,MA,Management,
Devil's Advocate,8/15/2014,Krista Kafer,Female,White,35-44,Republican,MA,"Arts, Design, Entertainment, Sports, and Media",
Devil's Advocate,8/15/2014,Bob Beauprez,Male,White,65-74,Republican,BA,Politics/Policy,
Devil's Advocate,8/22/2014,Ben DeGrow,Male,White,35-44,Republican,MA,Politics/Policy,
Devil's Advocate,8/22/2014,Ross Izard,Male,White,25-34,Republican,MA,Politics/Policy,
Devil's Advocate,8/22/2014,Shawn Smith,Male,White,35-44,?,MA,Healthcare and Psychology,
Devil's Advocate,8/29/2014,Eli Stokols,Male,White,35-44,Republican,MA,"Arts, Design, Entertainment, Sports, and Media",
Devil's Advocate,8/29/2014,Kristen Wyatt,Female,White,35-44,Unaffiliated,BA,"Arts, Design, Entertainment, Sports, and Media",
Devil's Advocate,9/12/2014,Don Quick,Male,White,45-54,Republican,JD,Legal,
Devil's Advocate,9/12/2014,Linda Gorman,Female,White,55-64,Republican,PhD,Management,
Devil's Advocate,9/19/2014,Mike Krause,Male,White,45-54,Republican,BA,Politics/Policy,
Devil's Advocate,9/19/2014,Randal OÕToole,Male,White,65-74,Republican,BA,"Arts, Design, Entertainment, Sports, and Media",
Devil's Advocate,9/19/2014,Wendell Cox,Male,White,55-64,Republican,MA,Politics/Policy,
Devil's Advocate,9/26/2014,Todd Shepherd,Male,White,25-34,Republican,BA,"Arts, Design, Entertainment, Sports, and Media",
Devil's Advocate,9/26/2014,Nicole Vap,Female,White,45-54,Democrat,BA,"Arts, Design, Entertainment, Sports, and Media",
Devil's Advocate,9/26/2014,Steve Zansberg,Male,White,45-54,Republican,JD,Legal,
Devil's Advocate,10/3/2014,Nelson Garcia,Male,Hispanic and Latino,35-44,Unaffiliated,BA,"Arts, Design, Entertainment, Sports, and Media",
Devil's Advocate,10/3/2014,Ken Witt,Male,White,45-54,Republican,BA,Politics/Policy,
Devil's Advocate,10/10/2014,Jonathan Lockwood,Male,White,25-34,Other,BA,"Arts, Design, Entertainment, Sports, and Media",
Devil's Advocate,10/10/2014,Robert C. White,Male,African American,55-64,?,MA,Protective Services,
Devil's Advocate,10/17/2014,Wayne Williams,Male,White,45-54,Republican,JD,Politics/Policy,
Devil's Advocate,10/17/2014,Valerie Richardson,Female,White,35-44,?,BA,"Arts, Design, Entertainment, Sports, and Media",
Devil's Advocate,10/17/2014,Peter Marcus,Male,White,35-44,Unaffiliated,BA,"Arts, Design, Entertainment, Sports, and Media",
Devil's Advocate,10/24/2014,Cynthia Coffman,Female,White,45-54,Republican,JD,Legal,
Devil's Advocate,10/24/2014,Michael Daugherty,Male,White,55-64,Republican,BA,"Business, Financial, and Economics",
Devil's Advocate,10/31/2014,Cory Gardner,Male,White,35-44,Republican,JD,Politics/Policy,
Devil's Advocate,11/7/2014,Eli Stokols,Male,White,35-44,Republican,MA,"Arts, Design, Entertainment, Sports, and Media",
Devil's Advocate,11/7/2014,Lynn Bartels,Female,White,45-54,Republican,BA,"Arts, Design, Entertainment, Sports, and Media",
Devil's Advocate,11/14/2014,Laura Carno,Female,White,45-54,Republican,High school,"Arts, Design, Entertainment, Sports, and Media",
Devil's Advocate,11/14/2014,Ward Lucas,Male,White,55-64,Republican,BA,"Arts, Design, Entertainment, Sports, and Media",
Devil's Advocate,9/21/2014,Stuart Sanderson,Male,White,65-74,Republican,JD,Management,
Devil's Advocate,9/21/2014,Shihan Qu,Male,Asian and Pacific Islander,25-34,Democrat,BA,"Business, Financial, and Economics",
Devil's Advocate,12/5/2014,Lynn Robinson,Female,White,55-64,Democrat,BA,Management,
Devil's Advocate,12/5/2014,Ben DeGrow,Male,White,35-44,Republican,MA,Politics/Policy,
Devil's Advocate,12/12/2014,Bruce Baker,Male,White,65-74,Republican,BA,Politics/Policy,
Devil's Advocate,12/12/2014,Christopher Hill,Male,White,55-64,Republican,MA,Politics/Policy,
Devil's Advocate,12/19/2014,Pam Benigno,Female,White,55-64,Republican,BA,Management,
Devil's Advocate,12/19/2014,Jamilla Dennis,Female,African American,18-24,Democrat,BA,Healthcare and Psychology,
Devil's Advocate,12/19/2014,Mike Littwin,Male,White,55-64,Democrat,?,"Arts, Design, Entertainment, Sports, and Media",
Devil's Advocate,12/19/2014,Peter Blake,Male,White,74+,Republican,JD,"Arts, Design, Entertainment, Sports, and Media",
Devil's Advocate,12/26/2014,David Flaherty,Male,White,45-54,Republican,BA,Management,
Devil's Advocate,12/26/2014,Lori Weigel,Female,White,35-44,Republican,BA,Politics/Policy,
Devil's Advocate,1/2/2015,John Andrews,Male,White,65-74,Republican,BA,Politics/Policy,
Devil's Advocate,1/2/2015,Tom Tancredo,Male,White,65-74,Republican,BA,Politics/Policy,
Devil's Advocate,1/9/2015,Peter Marcus,Male,White,35-44,Unaffiliated,BA,"Arts, Design, Entertainment, Sports, and Media",
Devil's Advocate,1/9/2015,Kristen Wyatt,Female,White,35-44,Unaffiliated,BA,"Arts, Design, Entertainment, Sports, and Media",
Devil's Advocate,1/16/2015,Yaron Brook,Male,Other,55-64,Republican,PhD,Management,
Devil's Advocate,1/23/2015,Amy Oliver Cooke,Female,White,45-54,Republican,MA,Management,
Devil's Advocate,1/23/2015,Peter Droege,Male,White,55-64,Republican,MA,Management,
Devil's Advocate,1/30/2015,Dick Wadhams,Male,White,55-64,Republican,BA,Politics/Policy,
Devil's Advocate,1/30/2015,Neil Westergaard,Male,White,55-64,Democrat,BA,Management,
Devil's Advocate,2/16/2015,Doug Clark,Male,White,55-64,Republican,BA,Politics/Policy,
Devil's Advocate,2/16/2015,Patrick Harrington,Male,White,35-44,Democrat,BA,"Business, Financial, and Economics",
Devil's Advocate,2/16/2015,Gina Caputo,Female,White,35-44,Democrat,BA,"Business, Financial, and Economics",
Devil's Advocate,2/13/2015,Jim Lyons,Male,White,65-74,Democrat,JD,Legal,
Devil's Advocate,2/13/2015,Greg Golyansky,Male,Other,45-54,Republican,?,"Business, Financial, and Economics",
Devil's Advocate,2/20/2015,John Frank,Male,White,25-34,Unaffiliated,BA,"Arts, Design, Entertainment, Sports, and Media",
Devil's Advocate,2/20/2015,Ivan Moreno,Male,Hispanic and Latino,25-34,?,BA,"Arts, Design, Entertainment, Sports, and Media",
Devil's Advocate,2/20/2015,Donna Nicholson,Female,White,65-74,?,MA,Management,
Devil's Advocate,2/20/2015,Karen Kay Harvey,Female,White,65-74,Republican,MA,Education/Research,
Devil's Advocate,2/27/2015,John-Michael Keyes,Male,White,55-64,Unaffiliated,BA,Management,
Devil's Advocate,2/27/2015,Alexandre Padilla,Male,Other,45-54,Republican,PhD,Education/Research,
Devil's Advocate,3/6/2015,Dave Kopel,Male,White,45-54,Democrat,JD,"Arts, Design, Entertainment, Sports, and Media",
Devil's Advocate,3/6/2015,Denise Maes,Female,White,45-54,Democrat,JD,Management,
Devil's Advocate,3/6/2015,Terri Hurst,Female,White,35-44,Unaffiliated,MA,Politics/Policy,
Devil's Advocate,3/13/2015,Michael Brown,Male,White,55-64,Republican,JD,Management,
Devil's Advocate,3/20/2015,Linda Gorman,Female,White,55-64,Republican,PhD,Management,
Devil's Advocate,3/20/2015,Tamra Farah,Female,White,55-64,Republican,BA,Politics/Policy,
Devil's Advocate,3/27/2015,Eli Stokols,Male,White,35-44,Republican,MA,"Arts, Design, Entertainment, Sports, and Media",
Devil's Advocate,3/27/2015,Valerie Richardson,Female,White,35-44,?,BA,"Arts, Design, Entertainment, Sports, and Media",
Devil's Advocate,3/27/2015,Megan Schrader,Female,White,35-44,Democrat,BA,"Arts, Design, Entertainment, Sports, and Media",
Devil's Advocate,4/3/2015,Miller Hudson,Male,White,65-74,Republican,BA,"Arts, Design, Entertainment, Sports, and Media",
Devil's Advocate,4/3/2015,Michelle Webster,Female,White,35-44,Democrat,JD,Politics/Policy,
Devil's Advocate,4/10/2015,John Fund,Male,White,55-64,Republican,BA,"Arts, Design, Entertainment, Sports, and Media",
Devil's Advocate,4/17/2015,Sheila Weinberg,Female,White,45-54,Republican,BA,Management,
Devil's Advocate,4/17/2015,Steve House,Male,White,65-74,Republican,BA,Politics/Policy,
Devil's Advocate,4/24/2015,Penn Jillette,Male,White,55-64,Other,High school,"Arts, Design, Entertainment, Sports, and Media",
Devil's Advocate,5/1/2015,Don Bendell,Male,White,65-74,Republican,MA,"Arts, Design, Entertainment, Sports, and Media",
Devil's Advocate,5/1/2015,Helen Raleigh,Female,Asian and Pacific Islander,45-54,Republican,MA,"Business, Financial, and Economics",
Devil's Advocate,5/8/2015,Pete Coors,Male,White,65-74,Republican,MA,"Business, Financial, and Economics",
Devil's Advocate,5/15/2015,Laura Carno,Female,White,45-54,Republican,High school,"Arts, Design, Entertainment, Sports, and Media",
Devil's Advocate,5/15/2015,Mandy Connell,Female,White,35-44,Republican,High school,"Arts, Design, Entertainment, Sports, and Media",
Devil's Advocate,5/15/2015,Peter Marcus,Male,White,35-44,Unaffiliated,BA,"Arts, Design, Entertainment, Sports, and Media",
Devil's Advocate,5/15/2015,Megan Schrader,Female,White,35-44,Democrat,BA,"Arts, Design, Entertainment, Sports, and Media",
Devil's Advocate,5/22/2015,Dee Daniels,Female,White,55-64,Unaffiliated,MA,Management,
Devil's Advocate,5/22/2015,David Flaherty,Male,White,45-54,Republican,BA,Management,
Devil's Advocate,5/29/2015,Linda Gorman,Female,White,55-64,Republican,PhD,Management,
Devil's Advocate,5/29/2015,Jeremy Jojola,Male,Hispanic and Latino,35-44,Unaffiliated,BA,"Arts, Design, Entertainment, Sports, and Media",
Devil's Advocate,6/5/2015,Susan Greene,Female,White,35-44,Democrat,MA,"Arts, Design, Entertainment, Sports, and Media",
Devil's Advocate,6/5/2015,Wayne Laugesen,Male,White,45-54,Republican,BA,"Arts, Design, Entertainment, Sports, and Media",
Devil's Advocate,6/12/2015,Katie Kerwin McCrimmon,Female,White,45-54,Unaffiliated,BA,"Arts, Design, Entertainment, Sports, and Media",
Devil's Advocate,6/12/2015,Valerie Richardson,Female,White,35-44,?,BA,"Arts, Design, Entertainment, Sports, and Media",
Devil's Advocate,6/19/2015,Ed Sealover,Male,White,35-44,Republican,BA,"Arts, Design, Entertainment, Sports, and Media",
Devil's Advocate,6/19/2015,Rachel Sapin,Female,White,25-34,Unaffiliated,MA,"Arts, Design, Entertainment, Sports, and Media",
Devil's Advocate,6/19/2015,Ross Izard,Male,White,25-34,Republican,MA,Politics/Policy,
Devil's Advocate,6/19/2015,Ben DeGrow,Male,White,35-44,Republican,MA,Politics/Policy,
Devil's Advocate,6/26/2015,Rob Natelson,Male,White,55-64,Republican,PhD,Education/Research,
Devil's Advocate,6/26/2015,Nora Flood,Female,White,55-64,Democrat,MA,Management,
Devil's Advocate,6/26/2015,Sherrie Peif,Female,White,45-54,Republican,BA,"Arts, Design, Entertainment, Sports, and Media",
Devil's Advocate,6/26/2015,Ben DeGrow,Male,White,35-44,Republican,MA,Politics/Policy,
Devil's Advocate,7/3/2015,Brittany Corona,Female,White,25-34,Republican,BA,Management,
Devil's Advocate,7/3/2015,Cynthia Coffman,Female,White,45-54,Republican,JD,Legal,
Devil's Advocate,7/10/2015,Robert Brown,Male,White,74+,Republican,BA,"Arts, Design, Entertainment, Sports, and Media",
Devil's Advocate,7/10/2015,Hannah Garcia,Female,Hispanic and Latino,25-34,Unaffiliated,BA,"Arts, Design, Entertainment, Sports, and Media",
Devil's Advocate,7/10/2015,Rachel Alexander,Female,White,25-34,Republican,BA,"Arts, Design, Entertainment, Sports, and Media",
Devil's Advocate,7/26/2015,Rob Natelson,Male,White,55-64,Republican,PhD,Education/Research,
Devil's Advocate,7/26/2015,Mike Krause,Male,White,45-54,Republican,BA,Politics/Policy,
Devil's Advocate,7/26/2015,Nora Flood,Female,White,55-64,Democrat,MA,Management,
Devil's Advocate,7/26/2015,Sherrie Peif,Female,White,45-54,Republican,BA,"Arts, Design, Entertainment, Sports, and Media",
Devil's Advocate,7/26/2015,Ben DeGrow,Male,White,35-44,Republican,MA,Politics/Policy,
None of the Above,2015,Ralph Vasquez,Male,Hispanic and Latino,35-44,Unregistered,?,Politics/Policy,
None of the Above,2015,Sophia Clark,Female,White,25-34,Unaffiliated,BA,Politics/Policy,
None of the Above,2015,Karen Jagoda,Female,White,55-64,Republican,MA,"Arts, Design, Entertainment, Sports, and Media",
None of the Above,2015,Warren Klug,Male,White,65-74,Republican,BA,"Business, Financial, and Economics",
None of the Above,2015,Bailey Ludlam,Female,Hispanic and Latino,25-34,Unregistered,BA,"Arts, Design, Entertainment, Sports, and Media",
None of the Above,2015,Geoff Pallay,Male,White,35-44,Republican,MA,Management,
None of the Above,2015,Peter Wallison,Male,White,74+,Republican,JD,Legal,
None of the Above,2015,Karen Jagoda,Female,White,55-64,Republican,MA,"Arts, Design, Entertainment, Sports, and Media",
None of the Above,2015,Richard Winger,Male,White,65-74,Other,MA,Politics/Policy,
None of the Above,2015,Peter Wallison,Male,White,74+,Republican,JD,Legal,
None of the Above,2015,Karen Jagoda,Female,White,55-64,Republican,MA,"Arts, Design, Entertainment, Sports, and Media",
None of the Above,2015,Michael Kolenc,Male,White,35-44,Democrat,BA,Politics/Policy,
None of the Above,2015,John Jackson / deceased,Male,White,74+,?,JD,Politics/Policy,
None of the Above,2016,Richard Winger,Male,White,65-74,Other,MA,Politics/Policy,
None of the Above,2016,Sarah Rosier,Female,White,25-34,?,BA,Politics/Policy,
None of the Above,2016,John Jackson / deceased,Male,White,74+,?,JD,Politics/Policy,
None of the Above,2016,Nick Katers,Male,White,35-44,?,MA,Politics/Policy,
None of the Above,2016,Freida Wallison,Female,White,65-74,Republican,JD,Politics/Policy,
None of the Above,2016,Daniel Anderson,Male,White,25-34,?,BA,"Arts, Design, Entertainment, Sports, and Media",
None of the Above,2016,Blanca OÕLeary,Female,White,55-64,Democrat,JD,Politics/Policy,
None of the Above,2016,Joel Williams,Male,White,25-34,?,?,"Arts, Design, Entertainment, Sports, and Media",
None of the Above,2016,Margaret Kimbrall,Female,White,35-44,?,BA,Management,
None of the Above,2016,Karen Jagoda,Female,White,55-64,Republican,MA,"Arts, Design, Entertainment, Sports, and Media",
None of the Above,2016,Brittany Clingen,Female,White,25-34,Republican,BA,"Arts, Design, Entertainment, Sports, and Media",
None of the Above,2016,Dan Glickman,Male,White,65-74,Democrat,JD,Politics/Policy,
None of the Above,2016,Kristen Matthews,Female,White,25-34,?,BA,"Arts, Design, Entertainment, Sports, and Media",
None of the Above,2016,Mansur Gidfar,Male,Other,25-34,Democrat,BA,"Arts, Design, Entertainment, Sports, and Media",
None of the Above,2016,Geoff Pallay,Male,White,35-44,Republican,MA,Management,
None of the Above,2016,Todd Jagger,Male,White,55-64,Republican,BA,Politics/Policy,
None of the Above,2016,Randy Schafer,Male,White,55-64,Republican,BA,Politics/Policy,
None of the Above,2016,Charles Wheelan,Male,White,45-54,Democrat,PhD,"Business, Financial, and Economics",
None of the Above,2016,Sarah Rosier,Female,White,25-34,?,BA,Politics/Policy,
None of the Above,2016,Ted Celeste,Male,White,65-74,Democrat,BA,Politics/Policy,
None of the Above,2016,Ira Shapiro,Male,White,65-74,?,JD,Management,
None of the Above,2016,Joshua Sharf,Male,White,45-54,Republican,BA,"Arts, Design, Entertainment, Sports, and Media",
None of the Above,2016,Geoff Pallay,Male,White,35-44,Republican,MA,Management,
None of the Above,2016,Josh Altic,Male,White,25-34,?,BA,Politics/Policy,
None of the Above,2016,Brittany Clingen,Female,White,25-34,Republican,BA,"Arts, Design, Entertainment, Sports, and Media",
None of the Above,2016,Michael Kolenc,Male,White,35-44,Democrat,BA,Politics/Policy,
None of the Above,2016,Elaine Nekritz,Female,White,55-64,Democrat,BA,Politics/Policy,
None of the Above,2016,Richard Winger,Male,White,65-74,Other,MA,Politics/Policy,
None of the Above,2016,Karlyn Bowman,Female,White,55-64,Republican,BA,"Arts, Design, Entertainment, Sports, and Media",
None of the Above,2016,Richard Winger,Male,White,65-74,Other,MA,Politics/Policy,
None of the Above,2016,Elizabeth Milias,Female,White,45-54,Republican,?,"Arts, Design, Entertainment, Sports, and Media",
None of the Above,2016,Daniel Stid,Male,White,45-54,?,PhD,Politics/Policy,
None of the Above,2016,Cathy Stewart,Female,White,55-64,Independent,BA,"Arts, Design, Entertainment, Sports, and Media",
None of the Above,2016,Marina Azzimonti,Female,White,35-44,?,PhD,Education/Research,
None of the Above,2016,Geoff Pallay,Male,White,35-44,Republican,MA,Management,
None of the Above,2016,Krist Novoselic,Male,White,45-54,Other,BA,Politics/Policy,
None of the Above,2016,Carl Klarner,Male,White,45-54,Democrat,PhD,Education/Research,
None of the Above,2016,Joan Blades,Female,White,55-64,Democrat,JD,Management,
None of the Above,2016,Brittany Clingen,Female,White,25-34,Republican,BA,"Arts, Design, Entertainment, Sports, and Media",
None of the Above,2016,Robert Putnam,Male,White,65-74,Democrat,PhD,Politics/Policy,
None of the Above,2016,Audrey Faber,Female,?,25-34,?,MA,Politics/Policy,
None of the Above,2016,Eric Liu,Male,Asian and Pacific Islander,45-54,Democrat,JD,Management,
None of the Above,2016,Ai-jen Poo,Female,Asian and Pacific Islander,35-44,Democrat,BA,Politics/Policy,
None of the Above,2016,John Pudner,Male,White,45-54,Republican,BA,Politics/Policy,
None of the Above,2016,Heather McGhee,Female,African American,35-44,Democrat,JD,Management,
None of the Above,2016,William Frey,Male,White,65-74,?,PhD,Education/Research,
None of the Above,2016,John Denney,Male,White,25-34,Independent,BA,Politics/Policy,
None of the Above,2016,Eric Dawson,Male,White,35-44,?,MA,Management,
None of the Above,2016,Chris Nelson,Male,White,35-44,Republican,PhD,"Arts, Design, Entertainment, Sports, and Media",
None of the Above,2016,Clifton Kinnie,Male,African American,18-24,Democrat,High school,Advocacy,
None of the Above,2016,Richard Winger,Male,White,65-74,Other,MA,Politics/Policy,
None of the Above,2016,Larry Cohen,Male,White,55-64,Democrat,?,Management,
None of the Above,2016,Richard Winger,Male,White,65-74,Other,MA,Politics/Policy,
None of the Above,2016,Shaka Senghor,Male,African American,35-44,Democrat,High school,Politics/Policy,
None of the Above,2016,Nick Troiano,Male,Other,25-34,Independent,MA,Politics/Policy,
None of the Above,2016,Alexa Clay,Female,White,25-34,Democrat,MA,"Arts, Design, Entertainment, Sports, and Media",
None of the Above,2016,Nick Troiano,Male,Other,25-34,Independent,MA,Politics/Policy,
None of the Above,2016,Abbey Smith,Female,White,25-34,Democrat,BA,"Arts, Design, Entertainment, Sports, and Media",
None of the Above,2016,William Eggers,Male,White,45-54,Republican,BA,Politics/Policy,
None of the Above,2016,Carl Loser,Male,White,25-34,Other,BA,Politics/Policy,
None of the Above,2016,Angie Wells,Female,African American,35-44,Democrat,BA,Politics/Policy,
None of the Above,2016,Paul McIlvaine,Male,White,55-64,Independent,MA,Politics/Policy,
None of the Above,2016,Richard Painter,Male,White,45-54,Republican,JD,Education/Research,
Politics Unplugged,42540,Suzanne Staiert,Female,White,45-54,Republican,JD,Management,
Politics Unplugged,42540,Jeff Hunt,Male,White,35-44,Republican,MA,Politics/Policy,
Politics Unplugged,42541,Kayla Gilbert,Female,White,25-34,Democrat,BA,Politics/Policy,
Politics Unplugged,42533,Shailen Bhatt,Male,Other,35-44,Democrat,BA,Management,
Politics Unplugged,42533,Peter Hanson,Male,White,35-44,Democrat,PhD,Education/Research,
Politics Unplugged,42526,Scott Reed,Male,White,45-54,?,MA,"Arts, Design, Entertainment, Sports, and Media",
Politics Unplugged,42526,Lennox Yearwood,Male,African American,45-54,Democrat,BA,Politics/Policy,
Politics Unplugged,42519,Steve Welchert,Male,White,55-64,Democrat,MA,Politics/Policy,
Politics Unplugged,42519,Krista Kafer,Female,White,35-44,Republican,MA,"Arts, Design, Entertainment, Sports, and Media",
Politics Unplugged,42519,Ed Perlmutter,Male,White,55-64,Democrat,JD,Politics/Policy,
Politics Unplugged,42519,Chris Williams,Male,White,25-34,Unaffiliated,BA,Education/Research,
Politics Unplugged,42517,Mark Grueskin,Male,White,55-64,Democrat,JD,Legal,
Politics Unplugged,42512,Alton Dillard,Male,African American,45-54,Democrat,BA,"Arts, Design, Entertainment, Sports, and Media",
Politics Unplugged,42512,Ryan Frazier,Male,African American,35-44,Republican,MA,Politics/Policy,
Politics Unplugged,42512,Seth Masket,Male,White,35-44,Democrat,PhD,Education/Research,
Politics Unplugged,42505,Dickie Lee Hullinghorst,Female,White,66-74,Democrat,BA,Politics/Policy,
Politics Unplugged,42506,Kevin Grantham,Male,White,45-54,Republican,BA,Politics/Policy,
Politics Unplugged,42505,Robert Blaha,Male,White,55-64,Republican,BA,Politics/Policy,
Politics Unplugged,42498,Jack Graham,Male,White,55-64,Republican,PhD,Politics/Policy,
Politics Unplugged,42498,Marc Bern,Male,White,65-74,Democrat,JD,Legal,
Politics Unplugged,42493,Pamela Niemczyk,Female,White,45-54,Republican,BA,Sales and Related,
Politics Unplugged,42491,Marianne Goodland,Female,White,55-64,Unaffiliated,MA,"Arts, Design, Entertainment, Sports, and Media",
Politics Unplugged,42491,Jim Anderson,Male,White,55-64,Republican,MA,"Arts, Design, Entertainment, Sports, and Media",
Politics Unplugged,42491,Wayne Williams,Male,White,45-54,Republican,JD,Politics/Policy,
Politics Unplugged,42491,Paul Teske,Male,White,55-64,Democrat,PhD,Education/Research,
Politics Unplugged,42484,Pete Maysmith,Male,White,45-54,Democrat,JD,Politics/Policy,
Politics Unplugged,42484,Darryl Glenn,Male,African American,45-54,Republican,JD,Politics/Policy,
Politics Unplugged,42477,Gina Carbone,Female,White,45-54,Unaffiliated,MA,Politics/Policy,
Politics Unplugged,42477,Marc Stewart,Male,White,35-44,Unaffiliated,BA,"Arts, Design, Entertainment, Sports, and Media",
Politics Unplugged,42477,Dominick Moreno,Male,Hispanic and Latino,25-34,Democrat,BA,Politics/Policy,
Politics Unplugged,42476,Lt. Col. Drew Roberts,Male,White,35-44,Republican,JD,Legal,
Politics Unplugged,42470,Steve House,Male,White,65-74,Republican,BA,Politics/Policy,
Politics Unplugged,42470,Valerie Simons,Female,White,35-44,Democrat,JD,Legal,
Politics Unplugged,42470,Steve House,Male,White,65-74,Republican,BA,Politics/Policy,
Politics Unplugged,42470,Krista Kafer,Female,White,35-44,Republican,MA,"Arts, Design, Entertainment, Sports, and Media",
Politics Unplugged,42469,Ted Cruz,Male,White,45-54,Republican,JD,Politics/Policy,
Politics Unplugged,42464,Millie Hamner,Female,White,55-64,Democrat,PhD,Politics/Policy,
Politics Unplugged,42464,Kevin Grantham,Male,White,45-54,Republican,BA,Politics/Policy,
Politics Unplugged,42464,Robert Preuhs,Male,White,45-54,Democrat,PhD,Education/Research,
Politics Unplugged,42457,Jerry Natividad,Male,Hispanic and Latino,65-74,Republican,BA,Politics/Policy,
Politics Unplugged,42458,Ryan Frazier,Male,African American,35-44,Republican,MA,Politics/Policy,
Politics Unplugged,42459,Peg Littleton,Female,White,45-54,Republican,BA,Politics/Policy,
Politics Unplugged,42460,Jack Graham,Male,White,55-64,Republican,PhD,Politics/Policy,
Politics Unplugged,42461,Robert Blaha,Male,White,55-64,Republican,BA,Politics/Policy,
Politics Unplugged,42462,Darryl Glenn,Male,African American,45-54,Republican,JD,Politics/Policy,
Politics Unplugged,42463,Jon Keyser,Male,White,35-44,Republican,JD,Politics/Policy,
Politics Unplugged,42464,Charles Ehler,Male,White,55-64,Republican,High school,Politics/Policy,
Politics Unplugged,42456,Donna Lynne,Female,White,55-64,Democrat,MA,Politics/Policy,
Politics Unplugged,42456,Nader Hashemi,Male,Other,45-54,Unregistered,PhD,Education/Research,
Politics Unplugged,42456,Maria Garcia Berry,Female,Hispanic and Latino,55-64,Republican,BA,Management,
Politics Unplugged,42456,Maria Weese,Female,Hispanic and Latino,55-64,Republican,High school,Politics/Policy,
Politics Unplugged,42449,Rhonda Fields,Female,African American,55-64,Democrat,BA,Politics/Policy,
Politics Unplugged,42450,Dick Wadhams,Male,White,55-64,Republican,BA,Politics/Policy,
Politics Unplugged,42451,Laura Chapin,Female,White,45-54,Democrat,MA,Politics/Policy,
Politics Unplugged,42442,Matt Jones,Male,White,55-64,Democrat,MA,Politics/Policy,
Politics Unplugged,42434,Ryan Call,Male,White,35-44,Republican,JD,Legal,
Politics Unplugged,42434,Steve Welchert,Male,White,55-64,Democrat,MA,Politics/Policy,
Politics Unplugged,42434,Joshua Wilson,Male,White,35-44,Democrat,PhD,Education/Research,
Politics Unplugged,42432,Marianne Goodland,Female,White,55-64,Unaffiliated,MA,"Arts, Design, Entertainment, Sports, and Media",
Politics Unplugged,42432,Kristen Wyatt,Female,White,35-44,Unaffiliated,BA,"Arts, Design, Entertainment, Sports, and Media",
Politics Unplugged,42442,Dick Wadhams,Male,White,55-64,Republican,BA,Politics/Policy,
Politics Unplugged,42442,Laura Chapin,Female,White,45-54,Democrat,MA,Politics/Policy,
Politics Unplugged,42442,Matt Jones,Male,White,55-64,Democrat,MA,Politics/Policy,
Politics Unplugged,42431,Peter Hanson,Male,White,35-44,Democrat,PhD,Education/Research,
Politics Unplugged,42431,Hillary Clinton,Female,White,65-74,Democrat,JD,Politics/Policy,
Politics Unplugged,42427,Donald Zuckerman,Male,White,65-74,Democrat,JD,Management,
Politics Unplugged,42427,Meg Froelich,Female,White,45-54,Democrat,MA,"Arts, Design, Entertainment, Sports, and Media",
Politics Unplugged,42421,Kieran Doyle,Male,White,18-24,Democrat,High school,Advocacy,
Politics Unplugged,42421,Greg Brophy,Male,White,45-54,Republican,BA,Politics/Policy,
Politics Unplugged,42421,Mark Ferrandino,Male,White,35-44,Democrat,MA,Politics/Policy,
Politics Unplugged,42414,Corey Hutchins,Male,White,25-34,Unaffiliated,BA,"Arts, Design, Entertainment, Sports, and Media",
Politics Unplugged,42414,Kristen Wyatt,Female,White,35-44,Unaffiliated,BA,"Arts, Design, Entertainment, Sports, and Media",
Politics Unplugged,42414,Steve Welchert,Male,White,55-64,Democrat,MA,Politics/Policy,
Politics Unplugged,42414,Krista Kafer,Female,White,35-44,Republican,MA,"Arts, Design, Entertainment, Sports, and Media",
Politics Unplugged,42407,Dan Diaz,Male,White,35-44,Democrat,?,Advocacy,
Politics Unplugged,42407,Michael Hancock,Male,African American,45-54,Democrat,MA,Management,
Politics Unplugged,42407,Hillary Clinton,Female,White,65-74,Democrat,JD,Politics/Policy,
Politics Unplugged,42407,Matthew Payne,Male,White,35-44,?,BA,"Arts, Design, Entertainment, Sports, and Media",
Politics Unplugged,42400,Peter Hanson,Male,White,35-44,Democrat,PhD,Education/Research,
Politics Unplugged,42400,Bruce Messinger,Male,White,55-64,Democrat,PhD,Management,
Politics Unplugged,42400,Liz Fagen,Female,White,35-44,Unaffiliated,PhD,Management,
Politics Unplugged,42392,Neha Mahajan,Female,Asian and Pacific Islander,35-44,Unaffiliated,?,Politics/Policy,
Politics Unplugged,42392,Lily Griego,Female,Hispanic and Latino,45-54,Democrat,MA,Politics/Policy,
Politics Unplugged,42392,Jessie Danielso,Female,White,35-44,Democrat,BA,Politics/Policy,
Politics Unplugged,42392,Robert Preuhs,Male,White,45-54,Democrat,PhD,Education/Research,
Politics Unplugged,42392,Shailen Bhatt,Male,Other,35-44,Democrat,BA,Management,
Politics Unplugged,42389,Kevin Lundberg,Male,White,65-74,Republican,BA,Politics/Policy,
Politics Unplugged,42389,Doug Wilson,Male,White,35-44,Republican,JD,Legal,
Politics Unplugged,42389,Kim Ransom,Female,White,55-64,Republican,MA,Politics/Policy,
Politics Unplugged,42386,Steve Welchert,Male,White,55-64,Democrat,MA,Politics/Policy,
Politics Unplugged,42386,Dickie Lee Hullinghorst,Female,White,66-74,Democrat,BA,Politics/Policy,
Politics Unplugged,42386,Bill Cadman,Male,White,55-64,Republican,BA,Politics/Policy,